"Nom_Diplôme","Ecole","Career","Employement_Opportunities","Ancienne_Diplome","Filiere","Durée","Mention_Bac","Ville","Matieres_Diplome","Matieres_Etudiant"
"Architecte_EA-UIR","EA-UIR","['Urbanisme', 'Design', 'Architecture']","['Urbaniste', 'Architecte']","['BAC SM', 'BAC SP']","['SP', 'LSH']","6","Mention Très Bien","Salé","['Matériaux', 'Urbanisme', 'Conception Architecturale']","['Mathématiques', 'Arts']"
"Architecte_ENA","ENA","['Urbanisme', 'Design', 'Architecture']","['Urbaniste', 'Architecte']","['BAC SM', 'BAC SP']","['SP', 'LSH']","6","Mention Très Bien","Marrakech","['Matériaux', 'Urbanisme', 'Conception Architecturale']","['Mathématiques', 'Arts']"
"Bachelor en Administration des Affaires_SB-AUI","SB-AUI","['Commerce', 'Marketing', 'Management', 'Gestion', 'Tourisme', 'Hôtellerie', 'Service', 'Gestion de projet', 'Organisation', 'Administration']","['Manager', 'Entrepreneur']","['BAC SM', 'BAC SP']","['SM', 'SEG']","4","Mention Très Bien","Ifrane","['Management', 'Finance', 'Marketing']","['Mathématiques', 'Économie']"
"Bachelor en Génie Informatique_SSE-AUI","SSE-AUI","['Ingénierie', 'Technologie', 'Conception', 'Informatique', 'Programmation']","['Développeur Logiciel', 'Ingénieur Systèmes']","['BAC SM', 'BAC SP']","['SM', 'SP']","4","Mention Très Bien","Ifrane","['Programmation', 'Systèmes Informatiques', 'Réseaux']","['Informatique', 'Mathématiques']"
"Bachelor en Études Internationales_SHSS-AUI","SHSS-AUI","['Commerce', 'Relations Internationales', 'Politique']","['Diplomate', 'Analyste Politique']","['BAC SM', 'BAC SP']","['LSH']","4","Mention Très Bien","Ifrane","['Relations Internationales', 'Histoire Globale', 'Économie Politique']","['Philosophie', 'Histoire']"
"Chirurgien Dentiste_FMD","FMD","['Santé', 'Médecine Dentaire', 'Odontologie']","['Dentiste', 'Chirurgien Dentaire']","['[BAC SM, BAC SP2019s degree required']","['SP', 'SVT']","5","Mention Très Bien","Casablanca","['Odontologie', 'Chirurgie Dentaire', 'Prothèse']","['Chimie', 'Biologie']"
"Classes Préparatoires MPSI_CPGE-AG","CPGE-AG","['Mathématiques', 'Physique', 'Sciences']","['[Étudiant en École dIngénieurs]']","['BAC SM']","['SM']","2","Mention Très Bien","Agadir","['Mathématiques', 'Physique', 'Informatique']","['Mathématiques', 'Physique']"
"Classes Préparatoires MPSI_CPGE-MK","CPGE-MK","['Mathématiques', 'Physique', 'Sciences']","['[Étudiant en École dIngénieurs]']","['BAC SM']","['SM']","2","Mention Très Bien","Meknès","['Mathématiques', 'Physique', 'Informatique']","['Mathématiques', 'Physique']"
"Classes Préparatoires MPSI_CPGE-RB","CPGE-RB","['Mathématiques', 'Physique', 'Sciences']","['[Étudiant en École dIngénieurs]']","['BAC SM']","['SM']","2","Mention Très Bien","Rabat","['Mathématiques', 'Physique', 'Informatique']","['Mathématiques', 'Physique']"
"Classes Préparatoires MPSI_CPGE-TNG","CPGE-TNG","['Mathématiques', 'Physique', 'Sciences']","['[Étudiant en École dIngénieurs]']","['BAC SM']","['SM']","2","Mention Très Bien","Tanger","['Mathématiques', 'Physique', 'Informatique']","['Mathématiques', 'Physique']"
"Classes Préparatoires PCSI_CPGE-AG","CPGE-AG","['Physique', 'Chimie', 'Sciences']","['[Étudiant en École dIngénieurs]']","['BAC SM', 'BAC SP']","['SP']","2","Mention Très Bien","Agadir","['Mathématiques', 'Physique', 'Chimie']","['[Physique,xa0Chimie]']"
"Classes Préparatoires PCSI_CPGE-MK","CPGE-MK","['Physique', 'Chimie', 'Sciences']","['[Étudiant en École dIngénieurs]']","['BAC SM', 'BAC SP']","['SP']","2","Mention Très Bien","Meknès","['Mathématiques', 'Physique', 'Chimie']","['Physique', 'Chimie']"
"Classes Préparatoires PCSI_CPGE-RB","CPGE-RB","['Physique', 'Chimie', 'Sciences']","['[Étudiant en École dIngénieurs]']","['BAC SM', 'BAC SP']","['SP']","2","Mention Très Bien","Rabat","['Mathématiques', 'Physique', 'Chimie']","['Physique', 'Chimie']"
"Classes Préparatoires PCSI_CPGE-TNG","CPGE-TNG","['Physique', 'Chimie', 'Sciences']","['[Étudiant en École dIngénieurs]']","['BAC SM', 'BAC SP']","['SP']","2","Mention Très Bien","Tanger","['Mathématiques', 'Physique', 'Chimie']","['Physique', 'Chimie']"
"Designer Graphique_ENSAD","ENSAD","['Design', 'Design Graphique', 'Communication visuelle', 'Arts numériques']","['Graphiste', 'Directeur Artistique']","['BAC SM', 'BAC SP']","['LSH']","5","Mention Très Bien","Casablanca","['Graphisme', 'Typographie', 'Communication Visuelle']","['Informatique', 'Arts']"
"Designer Industriel_ENSAD","ENSAD","['Design', 'Arts appliqués', 'Création']","['Designer', 'Concepteur Produit']","['BAC SM', 'BAC SP']","['SP', 'LSH']","5","Bien","Casablanca","['Design Industriel', 'Dessin Technique', 'Esthétique']","['Mathématiques', 'Arts']"
"Docteur Vétérinaire_IAV","IAV","['Biologie', 'Vétérinaire', 'Médecine animale']","['Vétérinaire', 'Spécialiste Santé Animale']","['BAC SM', 'BAC SP']","['SP', 'SVT']","6","Bien","Rabat","['Pathologie', 'Médecine Vétérinaire', 'Chirurgie Animale']","['Chimie', 'Biologie']"
"Ingénieur Textile_ESITH","ESITH","['Ingénierie', 'Industrie Textile', 'Mode', 'Design']","['Ingénieur Textile', 'Designer Textile']","['BAC SM', 'BAC SP']","['SP', 'STM']","5","Mention Très Bien","Casablanca","['Conception', 'Technologie Textile', 'Production']","['Physique', 'Chimie']"
"Ingénieur en Agronomie_ENA","ENA","['Ingénierie', 'Biologie', 'Agronomie', 'Agriculture']","['Ingénieur Agronome', 'Consultant Agricole']","['BAC SM', 'BAC SP']","['SP', 'SVT']","5","Mention Très Bien","Marrakech","['Agronomie', 'Phytosanitaire', 'Gestion des Cultures']","['Chimie', 'Biologie']"
"Ingénieur en Agronomie_IAV","IAV","['Ingénierie', 'Biologie', 'Agronomie', 'Agriculture']","['Ingénieur Agronome', 'Consultant Agricole']","['BAC SM', 'BAC SP']","['SP', 'SVT']","5","Mention Très Bien","Rabat","['Agronomie', 'Phytosanitaire', 'Gestion des Cultures']","['Chimie', 'Biologie']"
"Ingénieur en Cybersécurité_ENSA-Fès","ENSA-Fès","['Ingénierie', 'Informatique', 'Sécurité Informatique', 'Cybersécurité']","['Expert en Cybersécurité', 'Pentester']","['BAC SM', 'BAC SP']","['SM', 'SP']","5","Mention Très Bien","Fès","['Cryptographie', 'Sécurité des Réseaux', 'Hacking Éthique']","['Informatique', 'Mathématiques']"
"Ingénieur en Cybersécurité_ENSA-Marrakech","ENSA-Marrakech","['Ingénierie', 'Informatique', 'Sécurité Informatique', 'Cybersécurité']","['Expert en Cybersécurité', 'Pentester']","['BAC SM', 'BAC SP']","['SM', 'SP']","5","Mention Très Bien","Marrakech","['Cryptographie', 'Sécurité des Réseaux', 'Hacking Éthique']","['Informatique', 'Mathématiques']"
"Ingénieur en Cybersécurité_ENSIAS","ENSIAS","['Ingénierie', 'Informatique', 'Sécurité Informatique', 'Cybersécurité']","['Expert en Cybersécurité', 'Pentester']","['Licence Informatique', 'CPGE']","['SM', 'SP']","5","Bien","Rabat","['Cryptographie', 'Sécurité des Réseaux', 'Pentesting']","['Informatique', 'Mathématiques']"
"Ingénieur en Data Science_ENSIAS","ENSIAS","['Ingénierie', 'Informatique', 'Recherche', 'Data Science', 'Analyse de données']","['Data Scientist', 'Machine Learning Engineer']","['CPGE', 'Licence Mathématiques']","['SM', 'SP']","5","Mention Très Bien","Rabat","['Mathématiques', 'Statistiques', 'Big Data', 'Machine Learning']","['Informatique', 'Mathématiques']"
"Ingénieur en Data Science_INSEA","INSEA","['Ingénierie', 'Informatique', 'Recherche', 'Data Science', 'Analyse de données']","['Data Scientist', 'Analyste Big Data']","['BAC SM', 'BAC SP']","['SM', 'SP']","5","Bien","Rabat","['Statistiques', 'Big Data', 'Machine Learning']","['Informatique', 'Mathématiques']"
"Ingénieur en Finance_ENCG","ENCG","['Ingénierie', 'Économie', 'Finance', 'Gestion']","['Analyste Financier', 'Consultant en Finance']","['BAC SM', 'BAC SP']","['SM', 'SEG']","5","Bien","Agadir","['[Finance dEntreprise, Marchés Financiers, Gestion des Risques]']","['Mathématiques', 'Économie']"
"Ingénieur en Gestion de la Production Textile_ESITH","ESITH","['Ingénierie', 'Gestion', 'Industrie Textile', 'Mode', 'Design']","['Manager de Production', 'Consultant Textile']","['BAC SM', 'BAC SP']","['SP', 'STM']","5","Bien","Casablanca","['Gestion de Production', 'Qualité', 'Logistique Textile']","['Mathématiques', 'Physique']"
"Ingénieur en Gestion_ENCG","ENCG","['Ingénierie', 'Commerce', 'Marketing', 'Management', 'Gestion', 'Tourisme', 'Hôtellerie', 'Service', 'Gestion de projet', 'Organisation', 'Administration']","['Manager', 'Consultant en Gestion']","['BAC SM', 'BAC SP']","['SM', 'SEG']","5","Bien","Agadir","['Management', 'Finance', 'Marketing']","['Mathématiques', 'Économie']"
"Ingénieur en Gestion_ENCG-TNG","ENCG-TNG","['Ingénierie', 'Commerce', 'Marketing', 'Management', 'Gestion', 'Tourisme', 'Hôtellerie', 'Service', 'Gestion de projet', 'Organisation', 'Administration']","['Manager', 'Consultant en Gestion']","['BAC SM', 'BAC SP']","['SM', 'SEG']","5","Bien","Tanger","['Management', 'Finance', 'Marketing']","['Mathématiques', 'Économie']"
"Ingénieur en Génie Civil_EHTP","EHTP","['Ingénierie', 'Urbanisme', 'Génie Civil', 'Construction']","['Ingénieur Civil', 'Chef de Projet BTP']","['CPGE', 'Licence Génie Civil']","['SP', 'STM']","5","Mention Très Bien","Casablanca","['Topographie', 'Constructions Civiles', 'Géotechnique']","['Mathématiques', 'Physique']"
"Ingénieur en Génie Civil_EMI","EMI","['Ingénierie', 'Urbanisme', 'Génie Civil', 'Construction']","['Ingénieur Civil', 'Chef de Projet BTP']","['CPGE', 'Licence Génie Civil']","['SP', 'STM']","5","Mention Très Bien","Rabat","['Topographie', 'Constructions Civiles', 'Géotechnique']","['Mathématiques', 'Physique']"
"Ingénieur en Génie Hydraulique_EHTP","EHTP","['Ingénierie', 'Génie Civil', 'Génie Hydraulique', 'Hydrologie']","['Ingénieur Hydraulicien', 'Consultant en Eaux']","['CPGE', 'Licence Génie Civil']","['SP', 'SVT']","5","Bien","Casablanca","['Hydrologie', 'Génie des Eaux', 'Traitement des Eaux']","['Mathématiques', 'Physique']"
"Ingénieur en Génie Industriel_ENSA-MK","ENSA-MK","['Ingénierie', 'Génie Industriel', 'Production', 'Optimisation']","['Ingénieur Industriel', 'Consultant Supply Chain']","['BAC SM', 'BAC SP']","['SP', 'STM']","5","Mention Très Bien","Meknès","['Gestion de Production', 'Optimisation', 'Logistique']","['Mathématiques', 'Physique']"
"Ingénieur en Génie Industriel_ENSA-Oujda","ENSA-Oujda","['Ingénierie', 'Génie Industriel', 'Production', 'Optimisation']","['Ingénieur Industriel', 'Consultant Production']","['BAC SM', 'BAC SP']","['SP', 'STM']","5","Mention Très Bien","Oujda","['Gestion de Production', 'Optimisation', 'Logistique']","['Mathématiques', 'Physique']"
"Ingénieur en Génie Industriel_ENSAM","ENSAM","['Ingénierie', 'Génie Industriel', 'Production', 'Optimisation']","['Ingénieur Industriel', 'Consultant Production']","['CPGE', 'Licence Génie Industriel']","['SP', 'STM']","5","Bien","Casablanca","['Gestion de Production', 'Optimisation', 'Qualité']","['Mathématiques', 'Physique']"
"Ingénieur en Génie Informatique_EI-UIR","EI-UIR","['Ingénierie', 'Technologie', 'Informatique', 'Programmation', 'Développement Logiciel']","['Développeur Full Stack', 'Ingénieur Logiciel']","['BAC SM', 'BAC SP']","['SM', 'SP']","5","Mention Très Bien","Salé","['Programmation', 'Génie Logiciel', 'Bases de Données']","['Informatique', 'Mathématiques']"
"Ingénieur en Génie Informatique_ENSA-AG","ENSA-AG","['Ingénierie', 'Technologie', 'Informatique', 'Programmation', 'Développement Logiciel']","['Développeur Full Stack', 'Ingénieur Logiciel']","['BAC SM', 'BAC SP']","['SM', 'SP']","5","Bien","Agadir","['Programmation', 'Génie Logiciel', 'Bases de Données']","['Informatique', 'Mathématiques']"
"Ingénieur en Génie Informatique_ENSA-BM","ENSA-BM","['Ingénierie', 'Technologie', 'Informatique', 'Programmation', 'Développement Logiciel']","['Développeur Full Stack', 'Ingénieur Logiciel']","['BAC SM', 'BAC SP']","['SM', 'SP']","5","Bien","Béni Mellal","['Programmation', 'Génie Logiciel', 'Bases de Données']","['Informatique', 'Mathématiques']"
"Ingénieur en Génie Informatique_ENSA-Fès","ENSA-Fès","['Ingénierie', 'Technologie', 'Informatique', 'Programmation', 'Développement Logiciel']","['Développeur Full Stack', 'Ingénieur Logiciel']","['BAC SM', 'BAC SP']","['SM', 'SP']","5","Mention Très Bien","Fès","['Programmation', 'Génie Logiciel', 'Bases de Données']","['Informatique', 'Mathématiques']"
"Ingénieur en Génie Informatique_ENSA-KE","ENSA-KE","['Ingénierie', 'Technologie', 'Informatique', 'Programmation', 'Développement Logiciel']","['Développeur Full Stack', 'Ingénieur Logiciel']","['BAC SM', 'BAC SP']","['SM', 'SP']","5","Bien","Kénitra","['Programmation', 'Génie Logiciel', 'Bases de Données']","['Informatique', 'Mathématiques']"
"Ingénieur en Génie Informatique_ENSA-MK","ENSA-MK","['Ingénierie', 'Technologie', 'Informatique', 'Programmation', 'Développement Logiciel']","['Développeur Full Stack', 'Ingénieur Logiciel']","['BAC SM', 'BAC SP']","['SM', 'SP']","5","Bien","Meknès","['Programmation', 'Génie Logiciel', 'Bases de Données']","['Informatique', 'Mathématiques']"
"Ingénieur en Génie Informatique_ENSA-Marrakech","ENSA-Marrakech","['Ingénierie', 'Technologie', 'Informatique', 'Programmation', 'Développement Logiciel']","['Développeur Full Stack', 'Ingénieur Logiciel']","['BAC SM', 'BAC SP']","['SM', 'SP']","5","Mention Très Bien","Marrakech","['Programmation', 'Génie Logiciel', 'Bases de Données']","['Informatique', 'Mathématiques']"
"Ingénieur en Génie Informatique_ENSA-Oujda","ENSA-Oujda","['Ingénierie', 'Technologie', 'Informatique', 'Programmation', 'Développement Logiciel']","['Développeur Full Stack', 'Ingénieur Logiciel']","['BAC SM', 'BAC SP']","['SM', 'SP']","5","Mention Très Bien","Oujda","['Programmation', 'Génie Logiciel', 'Bases de Données']","['Informatique', 'Mathématiques']"
"Ingénieur en Génie Informatique_ENSA-TNG","ENSA-TNG","['Ingénierie', 'Technologie', 'Informatique', 'Programmation', 'Développement Logiciel']","['Développeur Full Stack', 'Ingénieur Logiciel']","['BAC SM', 'BAC SP']","['SM', 'SP']","5","Bien","Tanger","['Programmation', 'Génie Logiciel', 'Bases de Données']","['Informatique', 'Mathématiques']"
"Ingénieur en Génie Logiciel_ENSIAS","ENSIAS","['Ingénierie', 'Informatique', 'Programmation', 'Recherche', 'Développement Logiciel']","['Ingénieur Logiciel', 'Développeur Full-Stack', 'Architecte Logiciel']","['Licence Informatique', 'CPGE']","['SM', 'SP']","5","Mention Très Bien","Rabat","['Bases de Données', 'Algorithmique', 'Développement Web', 'Cloud Computing']","['Informatique', 'Mathématiques']"
"Ingénieur en Génie Minier_ENSMR","ENSMR","['Ingénierie', 'Géologie', 'Génie Minier', 'Ressources naturelles']","['Ingénieur Minier', 'Consultant en Mines']","['CPGE', 'Licence Géologie']","['SP', 'SVT']","5","Mention Très Bien","Rabat","['Géologie Minière', 'Exploitation', 'Sécurité Minière']","['Physique', 'Géologie']"
"Ingénieur en Génie Mécanique_EI-UIR","EI-UIR","['Ingénierie', 'Conception', 'Génie Mécanique', 'Mécanique']","['Ingénieur Mécanicien', 'Concepteur Machines']","['BAC SM', 'BAC SP']","['SP', 'STM']","5","Assez Bien","Salé","['Mécanique', 'Conception', 'Matériaux']","['Mathématiques', 'Physique']"
"Ingénieur en Génie Mécanique_ENSA-AG","ENSA-AG","['Ingénierie', 'Conception', 'Génie Mécanique', 'Mécanique']","['Ingénieur Mécanicien', 'Concepteur Machines']","['BAC SM', 'BAC SP']","['SP', 'STM']","5","Bien","Agadir","['Mécanique', 'Conception', 'Matériaux']","['Mathématiques', 'Physique']"
"Ingénieur en Génie Mécanique_ENSA-BM","ENSA-BM","['Ingénierie', 'Conception', 'Génie Mécanique', 'Mécanique']","['Ingénieur Mécanicien', 'Concepteur Machines']","['BAC SM', 'BAC SP']","['SP', 'STM']","5","Bien","Béni Mellal","['Mécanique', 'Conception', 'Matériaux']","['Mathématiques', 'Physique']"
"Ingénieur en Génie Mécanique_ENSA-Fès","ENSA-Fès","['Ingénierie', 'Conception', 'Génie Mécanique', 'Mécanique']","['Ingénieur Mécanicien', 'Concepteur Machines']","['BAC SM', 'BAC SP']","['SP', 'STM']","5","Assez Bien","Fès","['Mécanique', 'Conception', 'Matériaux']","['Mathématiques', 'Physique']"
"Ingénieur en Génie Mécanique_ENSA-KE","ENSA-KE","['Ingénierie', 'Conception', 'Génie Mécanique', 'Mécanique']","['Ingénieur Mécanicien', 'Concepteur Machines']","['BAC SM', 'BAC SP']","['SP', 'STM']","5","Bien","Kénitra","['Mécanique', 'Conception', 'Matériaux']","['Mathématiques', 'Physique']"
"Ingénieur en Génie Mécanique_ENSA-Marrakech","ENSA-Marrakech","['Ingénierie', 'Conception', 'Génie Mécanique', 'Mécanique']","['Ingénieur Mécanicien', 'Concepteur Machines']","['BAC SM', 'BAC SP']","['SP', 'STM']","5","Assez Bien","Marrakech","['Mécanique', 'Conception', 'Matériaux']","['Mathématiques', 'Physique']"
"Ingénieur en Génie Mécanique_ENSA-Oujda","ENSA-Oujda","['Ingénierie', 'Conception', 'Génie Mécanique', 'Mécanique']","['Ingénieur Mécanicien', 'Concepteur Machines']","['BAC SM', 'BAC SP']","['SP', 'STM']","5","Assez Bien","Oujda","['Mécanique', 'Conception', 'Matériaux']","['Mathématiques', 'Physique']"
"Ingénieur en Génie Mécanique_ENSA-TET","ENSA-TET","['Ingénierie', 'Conception', 'Génie Mécanique', 'Mécanique']","['Ingénieur Mécanicien', 'Concepteur Machines']","['BAC SM', 'BAC SP']","['SP', 'STM']","5","Bien","Tétouan","['Mécanique', 'Conception', 'Matériaux']","['Mathématiques', 'Physique']"
"Ingénieur en Génie Mécanique_ENSAM","ENSAM","['Ingénierie', 'Conception', 'Génie Mécanique', 'Mécanique']","['Ingénieur Mécanique', 'Concepteur Mécanique']","['CPGE', 'Licence Mécanique']","['SP', 'STM']","5","Mention Très Bien","Casablanca","['Matériaux', 'Conception Mécanique', 'Dynamique des Fluides']","['Mathématiques', 'Physique']"
"Ingénieur en Génie Mécanique_ENSEM","ENSEM","['Ingénierie', 'Conception', 'Génie Mécanique', 'Mécanique']","['Ingénieur Mécanique', 'Concepteur Mécanique']","['CPGE', 'Licence Mécanique']","['SP', 'STM']","5","Mention Très Bien","Casablanca","['Matériaux', 'Conception Mécanique', 'Dynamique des Fluides']","['Mathématiques', 'Physique']"
"Ingénieur en Génie Électrique_EI-UIR","EI-UIR","['Ingénierie', 'Génie Électrique', 'Électronique', 'Énergie']","['Ingénieur Électrique', 'Spécialiste Automatisation']","['BAC SM', 'BAC SP']","['SP', 'STE']","5","Bien","Salé","['Électrotechnique', 'Automatique', 'Énergie']","['Physique', 'Électronique']"
"Ingénieur en Génie Électrique_EMI","EMI","['Ingénierie', 'Génie Électrique', 'Électronique', 'Énergie']","['Ingénieur Électrique', 'Spécialiste Automatisation']","['CPGE', 'Licence Électrotechnique']","['SP', 'STE']","5","Bien","Rabat","['Électrotechnique', 'Automatique', 'Énergie']","['Physique', 'Électronique']"
"Ingénieur en Génie Électrique_ENSA-AG","ENSA-AG","['Ingénierie', 'Génie Électrique', 'Électronique', 'Énergie']","['Ingénieur Électrique', 'Spécialiste Automatisation']","['BAC SM', 'BAC SP']","['SP', 'STE']","5","Mention Très Bien","Agadir","['Électrotechnique', 'Automatique', 'Énergie']","['Physique', 'Électronique']"
"Ingénieur en Génie Électrique_ENSA-BM","ENSA-BM","['Ingénierie', 'Génie Électrique', 'Électronique', 'Énergie']","['Ingénieur Électrique', 'Spécialiste Automatisation']","['BAC SM', 'BAC SP']","['SP', 'STE']","5","Mention Très Bien","Béni Mellal","['Électrotechnique', 'Automatique', 'Énergie']","['Physique', 'Électronique']"
"Ingénieur en Génie Électrique_ENSA-Fès","ENSA-Fès","['Ingénierie', 'Génie Électrique', 'Électronique', 'Énergie']","['Ingénieur Électrique', 'Spécialiste Automatisation']","['BAC SM', 'BAC SP']","['SP', 'STE']","5","Bien","Fès","['Électrotechnique', 'Automatique', 'Énergie']","['Physique', 'Électronique']"
"Ingénieur en Génie Électrique_ENSA-KE","ENSA-KE","['Ingénierie', 'Génie Électrique', 'Électronique', 'Énergie']","['Ingénieur Électrique', 'Spécialiste Automatisation']","['BAC SM', 'BAC SP']","['SP', 'STE']","5","Mention Très Bien","Kénitra","['Électrotechnique', 'Automatique', 'Énergie']","['Physique', 'Électronique']"
"Ingénieur en Génie Électrique_ENSA-Marrakech","ENSA-Marrakech","['Ingénierie', 'Génie Électrique', 'Électronique', 'Énergie']","['Ingénieur Électrique', 'Spécialiste Automatisation']","['BAC SM', 'BAC SP']","['SP', 'STE']","5","Bien","Marrakech","['Électrotechnique', 'Automatique', 'Énergie']","['Physique', 'Électronique']"
"Ingénieur en Génie Électrique_ENSA-Oujda","ENSA-Oujda","['Ingénierie', 'Génie Électrique', 'Électronique', 'Énergie']","['Ingénieur Électrique', 'Spécialiste Automatisation']","['BAC SM', 'BAC SP']","['SP', 'STE']","5","Bien","Oujda","['Électrotechnique', 'Automatique', 'Énergie']","['Physique', 'Électronique']"
"Ingénieur en Génie Électrique_ENSA-TNG","ENSA-TNG","['Ingénierie', 'Génie Électrique', 'Électronique', 'Énergie']","['Ingénieur Électrique', 'Spécialiste Automatisation']","['BAC SM', 'BAC SP']","['SP', 'STE']","5","Mention Très Bien","Tanger","['Électrotechnique', 'Automatique', 'Énergie']","['Physique', 'Électronique']"
"Ingénieur en Génie Électrique_ENSEM","ENSEM","['Ingénierie', 'Génie Électrique', 'Électronique', 'Énergie']","['Ingénieur Électrique', 'Spécialiste Systèmes Électriques']","['CPGE', 'Licence Électrotechnique']","['SP', 'STE']","5","Bien","Casablanca","['Électrotechnique', 'Énergie', 'Automatisation']","['Physique', 'Électronique']"
"Ingénieur en Intelligence Artificielle_EI-UIR","EI-UIR","['Ingénierie', 'Informatique', 'Design', 'Intelligence Artificielle', 'Robotique']","['Data Scientist', 'Ingénieur IA']","['BAC SM', 'BAC SP']","['SM', 'SP']","5","Mention Très Bien","Salé","['Programmation', 'Machine Learning', 'Data Science']","['Informatique', 'Mathématiques']"
"Ingénieur en Intelligence Artificielle_ENSIAS","ENSIAS","['Ingénierie', 'Informatique', 'IA', 'Machine Learning', 'Deep Learning']","['Data Scientist', 'Ingénieur IA', 'Chercheur en IA']","['CPGE', 'Licence Mathématiques']","['SM', 'SP']","5","Mention Très Bien","Rabat","['Apprentissage Automatique', 'Vision par Ordinateur', 'Traitement du Langage Naturel']","['Informatique', 'Mathématiques']"
"Ingénieur en Logistique_ENCG","ENCG","['Ingénierie', 'Gestion', 'Logistique', 'Transport']","['Chef de Projet Logistique', 'Consultant Supply Chain']","['BAC SM', 'BAC SP']","['SM', 'SEG']","5","Assez Bien","Agadir","['Logistique', 'Supply Chain', 'Gestion des Stocks']","['Mathématiques', 'Économie']"
"Ingénieur en Marketing_ENCG","ENCG","['Ingénierie', 'Commerce', 'Marketing', 'Communication']","['Directeur Marketing', 'Analyste de Marché']","['BAC SM', 'BAC SP']","['SM', 'SEG']","5","Mention Très Bien","Agadir","['Marketing Stratégique', 'Études de Marché', 'Communication']","['Économie', 'Statistiques']"
"Ingénieur en Marketing_ENCG-TNG","ENCG-TNG","['Ingénierie', 'Commerce', 'Marketing', 'Communication']","['Directeur Marketing', 'Analyste de Marché']","['BAC SM', 'BAC SP']","['SM', 'SEG']","5","Mention Très Bien","Tanger","['Marketing Stratégique', 'Études de Marché', 'Communication']","['Économie', 'Statistiques']"
"Ingénieur en Statistiques Appliquées_INSEA","INSEA","['Ingénierie', 'Mathématiques', 'Analyse de données', 'Statistique']","['Analyste de Données', 'Statisticien']","['BAC SM', 'BAC SP']","['SM', 'SP']","5","Mention Très Bien","Rabat","['Statistiques', 'Économétrie', 'Analyse de Données']","['Informatique', 'Mathématiques']"
"Ingénieur en Systèmes Embarqués_ENSIAS","ENSIAS","['Électronique', 'Robotique', 'Informatique Embarquée', 'IoT']","['Ingénieur Embarqué', 'Concepteur IoT', 'Roboticien']","['CPGE', 'Licence Électronique']","['SM', 'SP']","5","Bien","Rabat","['Systèmes Temps Réel', 'Microcontrôleurs', 'Robotique']","['Mathématiques', 'Physique']"
"Ingénieur en Télécommunications_ENSA-TET","ENSA-TET","['Ingénierie', 'Informatique', 'Télécommunications', 'Réseaux']","['Ingénieur Réseaux', 'Consultant Télécom']","['BAC SM', 'BAC SP']","['SM', 'SP', 'STE']","5","Mention Très Bien","Tétouan","['Réseaux', 'Systèmes de Communication', 'Traitement du Signal']","['Mathématiques', 'Électronique']"
"Ingénieur en Télécommunications_INPT","INPT","['Ingénierie', 'Informatique', 'Télécommunications', 'Réseaux']","['Ingénieur Réseaux', 'Consultant Télécom']","['CPGE', 'Licence Électronique']","['SM', 'SP', 'STE']","5","Mention Très Bien","Rabat","['Réseaux', 'Systèmes de Communication', 'Traitement du Signal']","['Mathématiques', 'Électronique']"
"Licence en Arts Plastiques_FLASH","FLASH","['Design', 'Création', 'Arts', 'Culture']","['[Artiste, Professeur dArts]']","['BAC SM', 'BAC SP']","['LSH']","3","Bien","Kénitra","['[Dessin, Peinture, Histoire de lArt]']","['Histoire', 'Arts']"
"Licence en Arts Plastiques_INBA-TET","INBA-TET","['Design', 'Création', 'Arts', 'Culture']","['[Artiste, Professeur dArts]']","['BAC SM', 'BAC SP']","['LSH']","3","Bien","Tétouan","['[Dessin, Peinture, Histoire de lArt]']","['Histoire', 'Arts']"
"Licence en Biologie_FP-Nador","FP-Nador","['Recherche', 'Biologie', 'Sciences naturelles']","['Biologiste', 'Technicien de Laboratoire']","['BAC SM', 'BAC SP']","['SP', 'SVT']","3","Assez Bien","Oujda","['Écologie', 'Génétique', 'Biologie Cellulaire']","['Chimie', 'Biologie']"
"Licence en Biologie_FP-Taza","FP-Taza","['Recherche', 'Biologie', 'Sciences naturelles']","['Biologiste', 'Technicien de Laboratoire']","['BAC SM', 'BAC SP']","['SP', 'SVT']","3","Assez Bien","Fès","['Écologie', 'Génétique', 'Biologie Cellulaire']","['Chimie', 'Biologie']"
"Licence en Biologie_FPL","FPL","['Recherche', 'Biologie', 'Sciences naturelles']","['Biologiste', 'Technicien de Laboratoire']","['BAC SM', 'BAC SP']","['SP', 'SVT']","3","Assez Bien","Larache","['Biologie', 'Écologie', 'Génétique']","['Chimie', 'Biologie']"
"Licence en Biologie_FPT","FPT","['Recherche', 'Biologie', 'Sciences naturelles']","['Biologiste', 'Technicien de Laboratoire']","['BAC SM', 'BAC SP']","['SP', 'SVT']","3","Assez Bien","Taroudant","['Biologie', 'Écologie', 'Génétique']","['Chimie', 'Biologie']"
"Licence en Biologie_FS","FS","['Recherche', 'Biologie', 'Sciences naturelles']","['Biologiste', 'Technicien de Laboratoire']","['BAC SM', 'BAC SP']","['SP', 'SVT']","3","Bien","Agadir","['Écologie', 'Génétique', 'Biologie Cellulaire']","['Chimie', 'Biologie']"
"Licence en Biologie_FSBM","FSBM","['Recherche', 'Biologie', 'Sciences naturelles']","['Biologiste', 'Technicien de Laboratoire']","['BAC SM', 'BAC SP']","['SP', 'SVT']","3","Bien","Casablanca","['Écologie', 'Génétique', 'Biologie Cellulaire']","['Chimie', 'Biologie']"
"Licence en Biologie_FSS","FSS","['Recherche', 'Biologie', 'Sciences naturelles']","['Biologiste', 'Technicien de Laboratoire']","['BAC SM', 'BAC SP']","['SP', 'SVT']","3","Bien","Marrakech","['Écologie', 'Génétique', 'Biologie Cellulaire']","['Chimie', 'Biologie']"
"Licence en Chimie_FS","FS","['Recherche', 'Chimie', 'Sciences chimiques']","['Chimiste', 'Technicien de Laboratoire']","['BAC SM', 'BAC SP']","['SP', 'SVT']","3","Assez Bien","Agadir","['Chimie Organique', 'Chimie Analytique', 'Chimie Physique']","['Physique', 'Chimie']"
"Licence en Chimie_FSAC","FSAC","['Recherche', 'Chimie', 'Sciences chimiques']","['Chimiste', 'Technicien en Chimie']","['BAC SM', 'BAC SP']","['SP', 'SVT']","3","Assez Bien","Casablanca","['Chimie Organique', 'Chimie Analytique', 'Chimie Physique']","['Physique', 'Chimie']"
"Licence en Chimie_FSBM","FSBM","['Recherche', 'Chimie', 'Sciences chimiques']","['Chimiste', 'Ingénieur Chimiste']","['BAC SM', 'BAC SP']","['SP', 'SVT']","3","Assez Bien","Casablanca","['Chimie Organique', 'Chimie Analytique', 'Chimie Physique']","['Physique', 'Chimie']"
"Licence en Chimie_FSDM","FSDM","['Recherche', 'Chimie', 'Sciences chimiques']","['Chimiste', 'Technicien en Chimie']","['BAC SM', 'BAC SP']","['SP', 'SVT']","3","Assez Bien","Fès","['Chimie Organique', 'Chimie Analytique', 'Chimie Physique']","['Physique', 'Chimie']"
"Licence en Chimie_FSS","FSS","['Recherche', 'Chimie', 'Sciences chimiques']","['Chimiste', 'Technicien en Chimie']","['BAC SM', 'BAC SP']","['SP', 'SVT']","3","Assez Bien","Marrakech","['Chimie Organique', 'Chimie Analytique', 'Chimie Physique']","['Physique', 'Chimie']"
"Licence en Chimie_FST","FST","['Recherche', 'Chimie', 'Sciences chimiques']","['Chimiste', 'Technicien en Chimie']","['BAC SM', 'BAC SP']","['SP', 'SVT']","3","Assez Bien","Béni Mellal","['Chimie', 'Réactions Chimiques', 'Chimie Industrielle']","['Physique', 'Chimie']"
"Licence en Communication_ISIC","ISIC","['Communication', 'Médias', 'Journalisme']","['Journaliste', 'Chargé de Communication']","['BAC SM', 'BAC SP']","['LSH']","3","Mention Très Bien","Rabat","['Journalisme', 'Communication Digitale', 'Relations Publiques']","['Français', 'Histoire']"
"Licence en Droit_FSJES","FSJES","['Droit', 'Jurisprudence', 'Sciences juridiques', 'Juridique']","['Avocat', 'Juriste']","['BAC SM', 'BAC SP']","['LSH', 'SEG']","3","Mention Très Bien","Béni Mellal","['Droit Civil', 'Droit Pénal', 'Droit Constitutionnel']","['Histoire', 'Droit']"
"Licence en Droit_FSJES-AC","FSJES-AC","['Droit', 'Jurisprudence', 'Sciences juridiques', 'Juridique']","['Avocat', 'Juriste']","['BAC SM', 'BAC SP']","['LSH', 'SEG']","3","Mention Très Bien","Casablanca","['Droit Civil', 'Droit Pénal', 'Droit Constitutionnel']","['Histoire', 'Droit']"
"Licence en Droit_FSJES-M","FSJES-M","['Droit', 'Jurisprudence', 'Sciences juridiques', 'Juridique']","['Avocat', 'Juriste']","['BAC SM', 'BAC SP']","['LSH', 'SEG']","3","Mention Très Bien","Casablanca","['Droit Civil', 'Droit Pénal', 'Droit Constitutionnel']","['Histoire', 'Droit']"
"Licence en Droit_FSJES-TNG","FSJES-TNG","['Droit', 'Jurisprudence', 'Sciences juridiques', 'Juridique']","['Avocat', 'Juriste']","['BAC SM', 'BAC SP']","['LSH', 'SEG']","3","Mention Très Bien","Tanger","['Droit Civil', 'Droit Pénal', 'Droit Constitutionnel']","['Histoire', 'Droit']"
"Licence en Droit_FSJP-UIR","FSJP-UIR","['Droit', 'Jurisprudence', 'Sciences juridiques', 'Juridique']","['Avocat', 'Juriste']","['BAC SM', 'BAC SP']","['LSH', 'SEG']","3","Mention Très Bien","Salé","['Droit Civil', 'Droit Pénal', 'Droit Constitutionnel']","['Histoire', 'Droit']"
"Licence en Enseignement Secondaire_ENS","ENS","['Éducation', 'Enseignement', 'Pédagogie']","['Formateur', 'Professeur Secondaire']","['BAC SM', 'BAC SP']","['LSH']","4","Bien","Casablanca","['Pédagogie', 'Psychologie', 'Didactique']","['Philosophie', 'Psychologie']"
"Licence en Gestion_ECG-UIR","ECG-UIR","['Commerce', 'Marketing', 'Management', 'Gestion', 'Tourisme', 'Hôtellerie', 'Service', 'Gestion de projet', 'Organisation', 'Administration']","['Gestionnaire', 'Comptable']","['BAC SM', 'BAC SP']","['SM', 'SEG']","3","Mention Très Bien","Salé","['Management', 'Finance', 'Comptabilité']","['Mathématiques', 'Économie']"
"Licence en Gestion_FSJES","FSJES","['Commerce', 'Marketing', 'Management', 'Gestion', 'Tourisme', 'Hôtellerie', 'Service', 'Gestion de projet', 'Organisation', 'Administration']","['Gestionnaire', 'Comptable']","['BAC SM', 'BAC SP']","['SM', 'SEG']","3","Assez Bien","Béni Mellal","['Management', 'Finance', 'Comptabilité']","['Mathématiques', 'Économie']"
"Licence en Gestion_FSJES-AC","FSJES-AC","['Commerce', 'Marketing', 'Management', 'Gestion', 'Tourisme', 'Hôtellerie', 'Service', 'Gestion de projet', 'Organisation', 'Administration']","['Gestionnaire', 'Comptable']","['BAC SM', 'BAC SP']","['SM', 'SEG']","3","Assez Bien","Casablanca","['Management', 'Finance', 'Comptabilité']","['Mathématiques', 'Économie']"
"Licence en Génie Informatique_FP-Safi","FP-Safi","['Ingénierie', 'Technologie', 'Conception', 'Informatique', 'Programmation']","['Développeur Logiciel', 'Technicien Informatique']","['BAC SM', 'BAC SP']","['SM', 'SP']","3","Assez Bien","Marrakech","['Programmation', 'Algorithmes', 'Systèmes']","['Informatique', 'Mathématiques']"
"Licence en Génie Minier_FP-Khouribga","FP-Khouribga","['Ingénierie', 'Géologie', 'Génie Minier', 'Ressources naturelles']","['Ingénieur Minier', 'Technicien Mines']","['BAC SM', 'BAC SP']","['SP', 'STM']","3","Assez Bien","Settat","['Géologie', 'Exploitation Minière', 'Sécurité']","['Mathématiques', 'Physique']"
"Licence en Génie Mécanique_FST","FST","['Ingénierie', 'Conception', 'Génie Mécanique', 'Mécanique']","['Ingénieur Mécanicien', 'Concepteur Machines']","['BAC SM', 'BAC SP']","['SP', 'STM']","3","Bien","Béni Mellal","['Mécanique', 'Conception', 'Matériaux']","['Mathématiques', 'Physique']"
"Licence en Génie Mécanique_FSTM","FSTM","['Ingénierie', 'Conception', 'Génie Mécanique', 'Mécanique']","['Ingénieur Mécanicien', 'Concepteur Machines']","['BAC SM', 'BAC SP']","['SP', 'STM']","3","Mention Très Bien","Casablanca","['Mécanique', 'Conception', 'Matériaux']","['Mathématiques', 'Physique']"
"Licence en Génie Électrique_FST","FST","['Ingénierie', 'Génie Électrique', 'Électronique', 'Énergie']","['Ingénieur Électrique', 'Technicien Électrique']","['BAC SM', 'BAC SP']","['SP', 'STE']","3","Mention Très Bien","Béni Mellal","['Électrotechnique', 'Automatique', 'Électronique']","['Physique', 'Électronique']"
"Licence en Génie Électrique_FST-TNG","FST-TNG","['Ingénierie', 'Génie Électrique', 'Électronique', 'Énergie']","['Technicien Électrique', 'Ingénieur Junior']","['BAC SM', 'BAC SP']","['SP', 'STE']","3","Mention Très Bien","Tanger","['Électrotechnique', 'Automatique', 'Énergie']","['Physique', 'Électronique']"
"Licence en Génie Électrique_FSTM","FSTM","['Ingénierie', 'Génie Électrique', 'Électronique', 'Énergie']","['Ingénieur Électrique', 'Technicien Électrique']","['BAC SM', 'BAC SP']","['SP', 'STE']","3","Bien","Casablanca","['Électrotechnique', 'Automatique', 'Électronique']","['Physique', 'Électronique']"
"Licence en Géographie_FLSH","FLSH","['Géographie', 'Environnement', 'Urbanisme']","['Géographe', 'Urbaniste']","['BAC SM', 'BAC SP']","['SVT', 'LSH']","3","Assez Bien","Béni Mellal","['Géographie Physique', 'Cartographie', 'Aménagement']","['Histoire', 'Géographie']"
"Licence en Géographie_FLSH-AC","FLSH-AC","['Géographie', 'Environnement', 'Urbanisme']","['Géographe', 'Urbaniste']","['BAC SM', 'BAC SP']","['SVT', 'LSH']","3","Bien","Casablanca","['Géographie Physique', 'Cartographie', 'Aménagement']","['Histoire', 'Géographie']"
"Licence en Géographie_FLSH-BM","FLSH-BM","['Géographie', 'Environnement', 'Urbanisme']","['Géographe', 'Urbaniste']","['BAC SM', 'BAC SP']","['SVT', 'LSH']","3","Assez Bien","Casablanca","['Géographie Physique', 'Cartographie', 'Aménagement']","['Histoire', 'Géographie']"
"Licence en Géographie_FLSH-DM","FLSH-DM","['Géographie', 'Environnement', 'Urbanisme']","['Géographe', 'Urbaniste']","['BAC SM', 'BAC SP']","['SVT', 'LSH']","3","Assez Bien","Fès","['Géographie Physique', 'Cartographie', 'Aménagement']","['Histoire', 'Géographie']"
"Licence en Histoire_FLSH","FLSH","['Recherche', 'Histoire', 'Sciences humaines']","['Historien', 'Archiviste']","['BAC SM', 'BAC SP']","['LSH']","3","Assez Bien","Béni Mellal","['Histoire Moderne', 'Histoire Ancienne', 'Méthodologie']","['Histoire', 'Géographie']"
"Licence en Informatique_FP-Khouribga","FP-Khouribga","['Ingénierie', 'Technologie', 'Conception', 'Informatique', 'Programmation']","['Développeur Logiciel', 'Technicien Informatique']","['BAC SM', 'BAC SP']","['SM', 'SP']","3","Bien","Settat","['Programmation', 'Algorithmes', 'Systèmes']","['Informatique', 'Mathématiques']"
"Licence en Informatique_FS","FS","['Ingénierie', 'Technologie', 'Conception', 'Informatique', 'Programmation']","['Développeur Logiciel', 'Administrateur Systèmes']","['BAC SM', 'BAC SP']","['SM', 'SP']","3","Mention Très Bien","Agadir","['Programmation', 'Algorithmes', 'Systèmes Informatiques']","['Informatique', 'Mathématiques']"
"Licence en Informatique_FS-TET","FS-TET","['Ingénierie', 'Technologie', 'Conception', 'Informatique', 'Programmation']","['Développeur Logiciel', 'Administrateur Systèmes']","['BAC SM', 'BAC SP']","['SM', 'SP']","3","Mention Très Bien","Tétouan","['Programmation', 'Algorithmes', 'Systèmes Informatiques']","['Informatique', 'Mathématiques']"
"Licence en Informatique_FSAC","FSAC","['Ingénierie', 'Technologie', 'Conception', 'Informatique', 'Programmation']","['Développeur Logiciel', 'Administrateur Systèmes']","['BAC SM', 'BAC SP']","['SM', 'SP']","3","Mention Très Bien","Casablanca","['Programmation', 'Algorithmes', 'Systèmes Informatiques']","['Informatique', 'Mathématiques']"
"Licence en Informatique_FSDM","FSDM","['Ingénierie', 'Technologie', 'Conception', 'Informatique', 'Programmation']","['Développeur Logiciel', 'Administrateur Systèmes']","['BAC SM', 'BAC SP']","['SM', 'SP']","3","Mention Très Bien","Fès","['Programmation', 'Algorithmes', 'Systèmes Informatiques']","['Informatique', 'Mathématiques']"
"Licence en Informatique_FSS","FSS","['Ingénierie', 'Technologie', 'Conception', 'Informatique', 'Programmation']","['Développeur Logiciel', 'Administrateur Systèmes']","['BAC SM', 'BAC SP']","['SM', 'SP']","3","Mention Très Bien","Marrakech","['Programmation', 'Algorithmes', 'Systèmes Informatiques']","['Informatique', 'Mathématiques']"
"Licence en Informatique_FST","FST","['Ingénierie', 'Technologie', 'Conception', 'Informatique', 'Programmation']","['Développeur Logiciel', 'Administrateur Systèmes']","['BAC SM', 'BAC SP']","['SM', 'SP']","3","Mention Très Bien","Béni Mellal","['Programmation', 'Algorithmes', 'Systèmes Informatiques']","['Informatique', 'Mathématiques']"
"Licence en Informatique_FSTM","FSTM","['Ingénierie', 'Technologie', 'Conception', 'Informatique', 'Programmation']","['Développeur Logiciel', 'Administrateur Systèmes']","['BAC SM', 'BAC SP']","['SM', 'SP']","3","Assez Bien","Casablanca","['Programmation', 'Algorithmes', 'Systèmes Informatiques']","['Informatique', 'Mathématiques']"
"Licence en Marketing_ECG-UIR","ECG-UIR","['Commerce', 'Marketing', 'Communication']","['Marketeur', 'Analyste Marketing']","['BAC SM', 'BAC SP']","['SM', 'SEG']","3","Bien","Salé","['Marketing', 'Études de Marché', 'Communication']","['Économie', 'Statistiques']"
"Licence en Mathématiques Appliquées_FS","FS","['Mathématiques', 'Applications industrielles', 'Modélisation']","['Mathématicien', 'Analyste de Données']","['BAC SM', 'BAC SP']","['SM', 'SP']","3","Bien","Agadir","['Mathématiques', 'Statistiques', 'Analyse Numérique']","['Mathématiques', 'Physique']"
"Licence en Mathématiques Appliquées_FST","FST","['Mathématiques', 'Applications industrielles', 'Modélisation']","['Mathématicien', 'Analyste de Données']","['BAC SM', 'BAC SP']","['SM', 'SP']","3","Bien","Béni Mellal","['Mathématiques', 'Statistiques', 'Analyse Numérique']","['Mathématiques', 'Physique']"
"Licence en Mathématiques_FS","FS","['Mathématiques', 'Modélisation', 'Sciences']","['Mathématicien', 'Enseignant']","['BAC SM', 'BAC SP']","['SM', 'SP']","3","Bien","Agadir","['Algèbre', 'Analyse', 'Probabilités']","['Mathématiques', 'Physique']"
"Licence en Mathématiques_FSAC","FSAC","['Mathématiques', 'Modélisation', 'Sciences']","['Mathématicien', 'Analyste de Données']","['BAC SM', 'BAC SP']","['SM', 'SP']","3","Mention Très Bien","Casablanca","['Algèbre', 'Analyse', 'Probabilités']","['Informatique', 'Mathématiques']"
"Licence en Mathématiques_FSDM","FSDM","['Mathématiques', 'Modélisation', 'Sciences']","['Mathématicien', 'Analyste de Données']","['BAC SM', 'BAC SP']","['SM', 'SP']","3","Mention Très Bien","Fès","['Algèbre', 'Analyse', 'Probabilités']","['Informatique', 'Mathématiques']"
"Licence en Physique Appliquée_FST","FST","['Physique', 'Applications techniques', 'Recherche']","['Physicien', 'Ingénieur Physicien']","['BAC SM', 'BAC SP']","['SP', 'STE']","3","Bien","Béni Mellal","['Physique', 'Mécanique', 'Thermodynamique']","['Mathématiques', 'Physique']"
"Licence en Physique_FS","FS","['Physique', 'Recherche', 'Sciences fondamentales']","['Physicien', 'Enseignant']","['BAC SM', 'BAC SP']","['SM', 'SP']","3","Bien","Agadir","['Mécanique', 'Optique', 'Électromagnétisme']","['Mathématiques', 'Physique']"
"Licence en Physique_FS-TET","FS-TET","['Physique', 'Recherche', 'Sciences fondamentales']","['Physicien', 'Enseignant']","['BAC SM', 'BAC SP']","['SM', 'SP']","3","Bien","Tétouan","['Mécanique', 'Optique', 'Électromagnétisme']","['Mathématiques', 'Physique']"
"Licence en Physique_FSAC","FSAC","['Physique', 'Recherche', 'Sciences fondamentales']","['Physicien', 'Ingénieur Physicien']","['BAC SM', 'BAC SP']","['SM', 'SP']","3","Bien","Casablanca","['Mécanique', 'Optique', 'Électromagnétisme']","['Mathématiques', 'Physique']"
"Licence en Physique_FSBM","FSBM","['Physique', 'Recherche', 'Sciences fondamentales']","['Physicien', 'Ingénieur Physicien']","['BAC SM', 'BAC SP']","['SM', 'SP']","3","Bien","Casablanca","['Mécanique', 'Optique', 'Électromagnétisme']","['Mathématiques', 'Physique']"
"Licence en Physique_FSDM","FSDM","['Physique', 'Recherche', 'Sciences fondamentales']","['Physicien', 'Ingénieur Physicien']","['BAC SM', 'BAC SP']","['SM', 'SP']","3","Bien","Fès","['Mécanique', 'Optique', 'Électromagnétisme']","['Mathématiques', 'Physique']"
"Licence en Physique_FSS","FSS","['Physique', 'Recherche', 'Sciences fondamentales']","['Physicien', 'Ingénieur Physicien']","['BAC SM', 'BAC SP']","['SM', 'SP']","3","Bien","Marrakech","['Mécanique', 'Optique', 'Électromagnétisme']","['Mathématiques', 'Physique']"
"Licence en Sciences Politiques_FSJP-UIR","FSJP-UIR","['Recherche', 'Droit', 'Sociologie', 'Sciences Politiques']","['Politologue', 'Analyste Politique']","['BAC SM', 'BAC SP']","['LSH']","3","Bien","Salé","['Relations Internationales', 'Théorie Politique', 'Gouvernance']","['Philosophie', 'Histoire']"
"Licence en Sciences de l'Éducation_ENS","ENS","['Recherche', 'Éducation', 'Enseignement', 'Pédagogie']","['Professeur', 'Formateur']","['BAC SM', 'BAC SP']","['LSH']","3","Mention Très Bien","Casablanca","['Pédagogie', 'Psychologie', 'Didactique']","['Philosophie', 'Histoire']"
"Licence en Sciences de l'Éducation_FSE","FSE","['Recherche', 'Éducation', 'Enseignement', 'Pédagogie']","['Enseignant', 'Formateur']","['BAC SM', 'BAC SP']","['LSH']","3","Bien","Rabat","['[Pédagogie, Psychologie de lÉducation, Didactique]']","['Philosophie', 'Psychologie']"
"Licence en Sciences de la Terre_FPE","FPE","['Recherche', 'Environnement', 'Sciences de la Terre', 'Géologie']","['Géologue', 'Technicien en Ressources']","['BAC SM', 'BAC SP']","['SP', 'SVT']","3","Bien","Errachidia","['Géologie', 'Minéralogie', 'Géophysique']","['Chimie', 'Géologie']"
"Licence en Sciences de la Vie_FP","FP","['Recherche', 'Biologie', 'Sciences naturelles']","['Biologiste', 'Technicien de Laboratoire']","['BAC SM', 'BAC SP']","['SP', 'SVT']","3","Assez Bien","Béni Mellal","['Biologie', 'Écologie', 'Génétique']","['Chimie', 'Biologie']"
"Licence en Sciences Économiques_FP","FP","['Recherche', 'Commerce', 'Marketing', 'Management', 'Économie', 'Sciences économiques', 'Finance']","['Économiste', 'Analyste Financier']","['BAC SM', 'BAC SP']","['SM', 'SEG']","3","Bien","Béni Mellal","['Statistiques', 'Économie', 'Gestion']","['Mathématiques', 'Économie']"
"Licence en Sciences Économiques_FP-Khouribga","FP-Khouribga","['Recherche', 'Commerce', 'Marketing', 'Management', 'Économie', 'Sciences économiques', 'Finance']","['Économiste', 'Analyste Financier']","['BAC SM', 'BAC SP']","['SM', 'SEG']","3","Mention Très Bien","Settat","['Statistiques', 'Économie', 'Gestion']","['Mathématiques', 'Économie']"
"Licence en Sciences Économiques_FP-Nador","FP-Nador","['Recherche', 'Commerce', 'Marketing', 'Management', 'Économie', 'Sciences économiques', 'Finance']","['Économiste', 'Analyste Financier']","['BAC SM', 'BAC SP']","['SM', 'SEG']","3","Mention Très Bien","Oujda","['Statistiques', 'Économie', 'Gestion']","['Mathématiques', 'Économie']"
"Licence en Sciences Économiques_FP-Safi","FP-Safi","['Recherche', 'Commerce', 'Marketing', 'Management', 'Économie', 'Sciences économiques', 'Finance']","['Économiste', 'Analyste Financier']","['BAC SM', 'BAC SP']","['SM', 'SEG']","3","Mention Très Bien","Marrakech","['Statistiques', 'Économie', 'Gestion']","['Mathématiques', 'Économie']"
"Licence en Sciences Économiques_FP-Taza","FP-Taza","['Recherche', 'Commerce', 'Marketing', 'Management', 'Économie', 'Sciences économiques', 'Finance']","['Économiste', 'Analyste Financier']","['BAC SM', 'BAC SP']","['SM', 'SEG']","3","Mention Très Bien","Fès","['Statistiques', 'Économie', 'Gestion']","['Mathématiques', 'Économie']"
"Licence en Sciences Économiques_FPL","FPL","['Recherche', 'Commerce', 'Marketing', 'Management', 'Économie', 'Sciences économiques', 'Finance']","['Économiste', 'Analyste Financier']","['BAC SM', 'BAC SP']","['SM', 'SEG']","3","Bien","Larache","['Statistiques', 'Économie', 'Gestion']","['Mathématiques', 'Économie']"
"Licence en Sciences Économiques_FPT","FPT","['Recherche', 'Commerce', 'Marketing', 'Management', 'Économie', 'Sciences économiques', 'Finance']","['Économiste', 'Analyste Financier']","['BAC SM', 'BAC SP']","['SM', 'SEG']","3","Bien","Taroudant","['Statistiques', 'Économie', 'Gestion']","['Mathématiques', 'Économie']"
"Licence en Sciences Économiques_FSJES","FSJES","['Recherche', 'Commerce', 'Marketing', 'Management', 'Économie', 'Sciences économiques', 'Finance']","['Économiste', 'Analyste Financier']","['BAC SM', 'BAC SP']","['SM', 'SEG']","3","Bien","Béni Mellal","['Statistiques', 'Économie', 'Gestion']","['Mathématiques', 'Économie']"
"Licence en Sciences Économiques_FSJES-M","FSJES-M","['Recherche', 'Commerce', 'Marketing', 'Management', 'Économie', 'Sciences économiques', 'Finance']","['Économiste', 'Analyste Financier']","['BAC SM', 'BAC SP']","['SM', 'SEG']","3","Bien","Casablanca","['Statistiques', 'Économie', 'Gestion']","['Mathématiques', 'Économie']"
"Licence en Sociologie_FLSH","FLSH","['Recherche', 'Sociologie', 'Sciences sociales']","['Sociologue', 'Chercheur Social']","['BAC SM', 'BAC SP']","['LSH']","3","Bien","Béni Mellal","['Sociologie', 'Anthropologie', 'Méthodes de Recherche']","['Philosophie', 'Histoire']"
"Licence en Sociologie_FLSH-AC","FLSH-AC","['Recherche', 'Sociologie', 'Sciences sociales']","['Sociologue', 'Chercheur Social']","['BAC SM', 'BAC SP']","['LSH']","3","Assez Bien","Casablanca","['Sociologie', 'Anthropologie', 'Méthodes de Recherche']","['Philosophie', 'Histoire']"
"Licence en Sociologie_FLSH-DM","FLSH-DM","['Recherche', 'Sociologie', 'Sciences sociales']","['Sociologue', 'Chercheur Social']","['BAC SM', 'BAC SP']","['LSH']","3","Bien","Fès","['Sociologie', 'Anthropologie', 'Méthodes de Recherche']","['Philosophie', 'Histoire']"
"Licence en Économie et Gestion_FSJES","FSJES","['Commerce', 'Marketing', 'Management', 'Économie', 'Sciences économiques', 'Finance', 'Gestion']","['Économiste', 'Gestionnaire']","['BAC SM', 'BAC SP']","['SM', 'SEG']","3","Bien","Béni Mellal","['Statistiques', 'Économie', 'Gestion']","['Mathématiques', 'Économie']"
"Licence en Économie_FPE","FPE","['Commerce', 'Marketing', 'Management', 'Économie', 'Sciences économiques', 'Finance', 'Gestion']","['Économiste', 'Analyste']","['BAC SM', 'BAC SP']","['SM', 'SEG']","3","Assez Bien","Errachidia","['Statistiques', 'Économie', 'Gestion']","['Mathématiques', 'Économie']"
"Licence en Économie_FSJES","FSJES","['Commerce', 'Marketing', 'Management', 'Économie', 'Sciences économiques', 'Finance', 'Gestion']","['Économiste', 'Analyste Financier']","['BAC SM', 'BAC SP']","['SM', 'SEG']","3","Bien","Béni Mellal","['Statistiques', 'Économie', 'Gestion']","['Mathématiques', 'Économie']"
"Licence en Économie_FSJES-AC","FSJES-AC","['Commerce', 'Marketing', 'Management', 'Économie', 'Sciences économiques', 'Finance', 'Gestion']","['Économiste', 'Analyste Financier']","['BAC SM', 'BAC SP']","['SM', 'SEG']","3","Bien","Casablanca","['Statistiques', 'Économie', 'Gestion']","['Mathématiques', 'Économie']"
"Licence en Études Anglaises_FLASH","FLASH","['Littérature', 'Lettres', 'Langues']","['[Professeur dAnglais, Traducteur]']","['BAC SM', 'BAC SP']","['LSH']","3","Mention Très Bien","Kénitra","['Culture', 'Linguistique', 'Littérature Anglaise']","['Philosophie', 'Anglais']"
"Licence en Études Anglaises_FLSH-BM","FLSH-BM","['Littérature', 'Lettres', 'Langues']","['[Professeur dAnglais, Traducteur]']","['BAC SM', 'BAC SP']","['LSH']","3","Bien","Casablanca","['Culture', 'Linguistique', 'Littérature Anglaise']","['Philosophie', 'Anglais']"
"Licence en Études Anglaises_FP","FP","['Littérature', 'Lettres', 'Langues']","['[Professeur dAnglais, Traducteur]']","['BAC SM', 'BAC SP']","['LSH']","3","Mention Très Bien","Béni Mellal","['Culture', 'Linguistique', 'Littérature Anglaise']","['Philosophie', 'Anglais']"
"Licence en Études Anglaises_FP-Nador","FP-Nador","['Littérature', 'Lettres', 'Langues']","['[Professeur dAnglais, Traducteur]']","['BAC SM', 'BAC SP']","['LSH']","3","Bien","Oujda","['Culture', 'Linguistique', 'Littérature Anglaise']","['Philosophie', 'Anglais']"
"Licence en Études Anglaises_FP-Safi","FP-Safi","['Littérature', 'Lettres', 'Langues']","['[Professeur dAnglais, Traducteur]']","['BAC SM', 'BAC SP']","['LSH']","3","Bien","Marrakech","['Culture', 'Linguistique', 'Littérature Anglaise']","['Philosophie', 'Anglais']"
"Licence en Études Anglaises_FP-Taza","FP-Taza","['Littérature', 'Lettres', 'Langues']","['[Professeur dAnglais, Traducteur]']","['BAC SM', 'BAC SP']","['LSH']","3","Bien","Fès","['Culture', 'Linguistique', 'Littérature Anglaise']","['Philosophie', 'Anglais']"
"Licence en Études Arabes_FLSH","FLSH","['Littérature', 'Lettres', 'Langues']","['[Professeur dArabe, Traducteur]']","['BAC SM', 'BAC SP']","['LSH']","3","Mention Très Bien","Béni Mellal","['Littérature Arabe', 'Linguistique', 'Poésie']","['Arabe', 'Histoire']"
"Licence en Études Arabes_FLSH-AC","FLSH-AC","['Littérature', 'Lettres', 'Langues']","['[Professeur dArabe, Traducteur]']","['BAC SM', 'BAC SP']","['LSH']","3","Mention Très Bien","Casablanca","['Littérature Arabe', 'Linguistique', 'Poésie']","['Arabe', 'Histoire']"
"Licence en Études Arabes_FLSH-BM","FLSH-BM","['Littérature', 'Lettres', 'Langues']","['[Professeur dArabe, Traducteur]']","['BAC SM', 'BAC SP']","['LSH']","3","Mention Très Bien","Casablanca","['Littérature Arabe', 'Linguistique', 'Poésie']","['Arabe', 'Histoire']"
"Licence en Études Arabes_FLSH-DM","FLSH-DM","['Littérature', 'Lettres', 'Langues']","['[Professeur dArabe, Traducteur]']","['BAC SM', 'BAC SP']","['LSH']","3","Mention Très Bien","Fès","['Littérature Arabe', 'Linguistique', 'Poésie']","['Arabe', 'Histoire']"
"Licence en Études Arabes_FLSH-TET","FLSH-TET","['Littérature', 'Lettres', 'Langues']","['[Professeur dArabe, Traducteur]']","['BAC SM', 'BAC SP']","['LSH']","3","Mention Très Bien","Tétouan","['Littérature Arabe', 'Linguistique', 'Poésie']","['Arabe', 'Histoire']"
"Licence en Études Françaises_FLSH","FLSH","['Littérature', 'Lettres', 'Langues']","['Professeur de Français', 'Rédacteur']","['BAC SM', 'BAC SP']","['LSH']","3","Bien","Béni Mellal","['Littérature Française', 'Grammaire', 'Culture']","['Français', 'Philosophie']"
"Licence en Études Françaises_FLSH-AC","FLSH-AC","['Littérature', 'Lettres', 'Langues']","['Professeur de Français', 'Rédacteur']","['BAC SM', 'BAC SP']","['LSH']","3","Bien","Casablanca","['Littérature Française', 'Grammaire', 'Culture']","['Français', 'Philosophie']"
"Licence en Études Françaises_FLSH-DM","FLSH-DM","['Littérature', 'Lettres', 'Langues']","['Professeur de Français', 'Rédacteur']","['BAC SM', 'BAC SP']","['LSH']","3","Bien","Fès","['Littérature Française', 'Grammaire', 'Culture']","['Français', 'Philosophie']"
"Licence en Études Françaises_FLSH-TET","FLSH-TET","['Littérature', 'Lettres', 'Langues']","['Professeur de Français', 'Rédacteur']","['BAC SM', 'BAC SP']","['LSH']","3","Bien","Tétouan","['Littérature Française', 'Grammaire', 'Culture']","['Français', 'Philosophie']"
"Master en Administration des Entreprises_ISCAE","ISCAE","['Commerce', 'Marketing', 'Management', 'Gestion', 'Tourisme', 'Hôtellerie', 'Service', 'Gestion de projet', 'Organisation', 'Administration']","['Manager', 'Consultant en Gestion']","['Licence Économie']","['SM', 'SEG']","2","Mention Très Bien","Casablanca","['Management', 'Finance', 'Stratégie']","['Mathématiques', 'Économie']"
"Master en Architecture Durable_EA-UIR","EA-UIR","['Urbanisme', 'Design', 'Architecture']","['Consultant en Durabilité', 'Architecte Spécialisé']","['Licence Architecture']","['SP', 'LSH']","2","Bien","Salé","['Urbanisme', 'Énergies Renouvelables', 'Architecture Durable']","['Physique', 'Arts']"
"Master en Architecture et Patrimoine_ENA","ENA","['Urbanisme', 'Design', 'Architecture']","['Architecte Restaurateur', 'Consultant Patrimoine']","['Licence Architecture']","['SP', 'LSH']","2","Bien","Marrakech","['[Patrimoine, Restauration, Histoire de lArchitecture]']","['Histoire', 'Arts']"
"Master en Biologie Moléculaire_FS-TET","FS-TET","['Recherche', 'Biologie', 'Sciences naturelles']","['Chercheur', 'Biologiste']","['Licence Biologie']","['SP', 'SVT']","2","Mention Très Bien","Tétouan","['Génétique', 'Biochimie', 'Biologie Moléculaire']","['Chimie', 'Biologie']"
"Master en Biotechnologie_FSBM","FSBM","['Physique', 'Biologie', 'Sciences naturelles', 'Biotechnologie', 'Recherche médicale']","['Chercheur', 'Biotechnologiste']","['Licence Biologie']","['SP', 'SVT']","2","Mention Très Bien","Casablanca","['Biotechnologie', 'Génie Génétique', 'Biochimie']","['Chimie', 'Biologie']"
"Master en Chimie Analytique_FS","FS","['Recherche', 'Chimie', 'Sciences chimiques']","['Chimiste', 'Analyste Chimique']","['Licence Chimie']","['SP', 'SVT']","2","Mention Très Bien","Agadir","['Chimie Industrielle', 'Chimie Analytique', 'Spectroscopie']","['Physique', 'Chimie']"
"Master en Chimie Appliquée_FS","FS","['Recherche', 'Chimie', 'Sciences chimiques']","['Chercheur', 'Chimiste Industriel']","['Licence Chimie']","['SP', 'SVT']","2","Bien","Agadir","['Chimie Industrielle', 'Matériaux', 'Analyse Chimique']","['Physique', 'Chimie']"
"Master en Chimie Appliquée_FSBM","FSBM","['Recherche', 'Chimie', 'Sciences chimiques']","['Chercheur', 'Chimiste Industriel']","['Licence Chimie']","['SP', 'SVT']","2","Bien","Casablanca","['Chimie Industrielle', 'Matériaux', 'Analyse Chimique']","['Physique', 'Chimie']"
"Master en Commerce International_FP-Nador","FP-Nador","['Commerce', 'Marketing', 'Gestion', 'Business']","['Manager Commercial', 'Consultant Export']","['Licence Sciences Économiques']","['SM', 'SEG']","2","Bien","Oujda","['Marketing', 'Logistique', 'Commerce International']","['Mathématiques', 'Économie']"
"Master en Comptabilité Audit et Contrôle_FP","FP","['Finance', 'Gestion', 'Comptabilité']","['Comptable', 'Auditeur']","['Licence Économie']","['SM', 'SEG']","2","Mention Très Bien","Béni Mellal","['Comptabilité', 'Audit', 'Contrôle de Gestion']","['Mathématiques', 'Économie']"
"Master en Data Science_FSDM","FSDM","['Informatique', 'Recherche', 'Data Science', 'Analyse de données']","['Analyste de Données', 'Data Scientist']","['Licence Informatique']","['SM', 'SP']","2","Mention Très Bien","Fès","['Statistiques', 'Big Data', 'Machine Learning']","['Informatique', 'Mathématiques']"
"Master en Data Science_FSS","FSS","['Informatique', 'Recherche', 'Data Science', 'Analyse de données']","['Analyste de Données', 'Data Scientist']","['Licence Informatique']","['SM', 'SP']","2","Mention Très Bien","Marrakech","['Statistiques', 'Big Data', 'Machine Learning']","['Informatique', 'Mathématiques']"
"Master en Design Graphique_INBA-TET","INBA-TET","['Design', 'Arts appliqués', 'Création']","['Directeur Artistique', 'Designer Graphique']","['Licence Arts Plastiques']","['LSH']","2","Mention Très Bien","Tétouan","['Typographie', 'Communication Visuelle', 'Design Graphique']","['Informatique', 'Arts']"
"Master en Didactique des Sciences_ENS","ENS","['Recherche', 'Éducation', 'Enseignement', 'Pédagogie']","['Formateur Scientifique', 'Chercheur en Éducation']","['[Licence Sciences de lÉducation]']","['SP', 'LSH']","2","Bien","Casablanca","['Didactique', 'Pédagogie Scientifique', 'Évaluation']","['Physique', 'Philosophie']"
"Master en Droit International_FSJES-M","FSJES-M","['Droit', 'Jurisprudence', 'Sciences juridiques', 'Juridique']","['Juriste International', 'Diplomate']","['Licence Droit']","['LSH', 'SEG']","2","Mention Très Bien","Casablanca","['Droit International', 'Relations Internationales', 'Droit Européen']","['Histoire', 'Droit']"
"Master en Droit International_FSJP-UIR","FSJP-UIR","['Droit', 'Jurisprudence', 'Sciences juridiques', 'Juridique']","['Juriste International', 'Diplomate']","['Licence Droit']","['LSH', 'SEG']","2","Mention Très Bien","Salé","['Droit International', 'Relations Internationales', 'Droit Européen']","['Histoire', 'Droit']"
"Master en Droit des Affaires_FSJES","FSJES","['Droit', 'Jurisprudence', 'Sciences juridiques', 'Juridique']","['[Juriste dEntreprise, Consultant Juridique]']","['Licence Droit']","['LSH', 'SEG']","2","Mention Très Bien","Béni Mellal","['Droit Commercial', 'Fiscalité', 'Contrats']","['Droit', 'Économie']"
"Master en Droit des Affaires_FSJES-AC","FSJES-AC","['Droit', 'Jurisprudence', 'Sciences juridiques', 'Juridique']","['[Juriste dEntreprise, Consultant Juridique]']","['Licence Droit']","['LSH', 'SEG']","2","Mention Très Bien","Casablanca","['Droit Commercial', 'Fiscalité', 'Contrats']","['Droit', 'Économie']"
"Master en Droit des Entreprises_FSJES","FSJES","['Droit', 'Jurisprudence', 'Sciences juridiques', 'Juridique']","['[Juriste dEntreprise, Consultant Juridique]']","['Licence Droit']","['LSH', 'SEG']","2","Mention Très Bien","Béni Mellal","['Droit Commercial', 'Fiscalité', 'Contrats']","['Droit', 'Économie']"
"Master en Développement Régional_FLSH","FLSH","['Géographie', 'Environnement', 'Urbanisme']","['Urbaniste', 'Consultant Territorial']","['Licence Géographie']","['SVT', 'LSH']","2","Bien","Béni Mellal","['Aménagement', 'SIG', 'Développement Régional']","['Mathématiques', 'Géographie']"
"Master en Développement Territorial_FLSH-DM","FLSH-DM","['Géographie', 'Environnement', 'Urbanisme']","['Urbaniste', 'Consultant Territorial']","['Licence Géographie']","['SVT', 'LSH']","2","Bien","Fès","['Aménagement', 'SIG', 'Développement Territorial']","['Mathématiques', 'Géographie']"
"Master en Finance Internationale_ECG-UIR","ECG-UIR","['Économie', 'Finance', 'Gestion']","['Analyste Financier', 'Gestionnaire de Portefeuille']","['Licence Gestion']","['SM', 'SEG']","2","Mention Très Bien","Salé","['Marchés Financiers', 'Gestion des Risques', 'Finance Internationale']","['Mathématiques', 'Économie']"
"Master en Finance Internationale_SB-AUI","SB-AUI","['Économie', 'Finance', 'Gestion']","['Analyste Financier', 'Banquier']","['Bachelor Gestion']","['SM', 'SEG']","2","Bien","Ifrane","['Analyse', 'Marchés Financiers', 'Finance Internationale']","['Économie', 'Statistiques']"
"Master en Finance et Audit_FSJES","FSJES","['Économie', 'Finance', 'Gestion']","['Analyste Financier', 'Auditeur']","['Licence Économie']","['SM', 'SEG']","2","Mention Très Bien","Béni Mellal","['Finance', 'Comptabilité', 'Audit']","['Mathématiques', 'Économie']"
"Master en Finance et Comptabilité_FSJES","FSJES","['Économie', 'Finance', 'Gestion']","['Analyste Financier', 'Comptable']","['Licence Gestion']","['SM', 'SEG']","2","Bien","Béni Mellal","['Finance', 'Comptabilité', 'Audit']","['Mathématiques', 'Économie']"
"Master en Finance_FSJES-AC","FSJES-AC","['Économie', 'Finance', 'Gestion']","['Analyste Financier', 'Gestionnaire de Portefeuille']","['Licence Économie']","['SM', 'SEG']","2","Bien","Casablanca","['Finance', 'Marchés Financiers', 'Gestion des Risques']","['Mathématiques', 'Économie']"
"Master en Gestion Environnementale_FPL","FPL","['Gestion', 'Gestion Environnementale', 'Développement durable', 'Écologie']","['Gestionnaire Environnement', 'Consultant']","['Licence Biologie']","['SP', 'SVT']","2","Mention Très Bien","Larache","['Écologie', 'Gestion des Ressources', 'Développement Durable']","['[Biologie,xa0Chimie]']"
"Master en Gestion Financière_FSJES","FSJES","['Commerce', 'Marketing', 'Management', 'Gestion', 'Tourisme', 'Hôtellerie', 'Service', 'Gestion de projet', 'Organisation', 'Administration']","['Analyste Financier', 'Contrôleur de Gestion']","['Licence Économie']","['SM', 'SEG']","2","Mention Très Bien","Béni Mellal","['Finance', 'Comptabilité', 'Gestion des Risques']","['Mathématiques', 'Économie']"
"Master en Gestion Financière_FSJES-TNG","FSJES-TNG","['Commerce', 'Marketing', 'Management', 'Gestion', 'Tourisme', 'Hôtellerie', 'Service', 'Gestion de projet', 'Organisation', 'Administration']","['Analyste Financier', 'Contrôleur de Gestion']","['Licence Économie']","['SM', 'SEG']","2","Bien","Tanger","['Finance', 'Comptabilité', 'Gestion des Risques']","['Mathématiques', 'Économie']"
"Master en Gestion de l’Eau_FPE","FPE","['Gestion', 'Gestion de l’Eau']","['Consultant', 'Gestionnaire de Ressources Hydriques']","['Licence Sciences de la Terre']","['SP', 'SVT']","2","Mention Très Bien","Errachidia","['Écologie', 'Hydrologie', 'Gestion de l’Eau']","['Chimie', 'Géologie']"
"Master en Gestion des Entreprises_FP-Safi","FP-Safi","['Commerce', 'Marketing', 'Management', 'Gestion', 'Tourisme', 'Hôtellerie', 'Service', 'Gestion de projet', 'Organisation', 'Administration']","['Manager', 'Consultant en Gestion']","['Licence Sciences Économiques']","['SM', 'SEG']","2","Mention Très Bien","Marrakech","['Management', 'Finance', 'Stratégie']","['Mathématiques', 'Économie']"
"Master en Gestion des Ressources Humaines_FSJES","FSJES","['Commerce', 'Marketing', 'Management', 'Gestion', 'Tourisme', 'Hôtellerie', 'Service', 'Gestion de projet', 'Organisation', 'Administration']","['Directeur RH', 'Consultant RH']","['Licence Économie']","['SM', 'SEG']","2","Mention Très Bien","Béni Mellal","['Psychologie', 'Gestion RH', 'Droit du Travail']","['Mathématiques', 'Économie']"
"Master en Gestion des Ressources Minières_FP-Khouribga","FP-Khouribga","['Gestion', 'Géologie', 'Génie Minier', 'Ressources naturelles']","['Gestionnaire Mines', 'Consultant Minier']","['Licence Génie Minier']","['SP', 'STM']","2","Mention Très Bien","Settat","['[Gestion Minière, Techniques dExtraction, Économie Minière]']","['Physique', 'Économie']"
"Master en Gestion des Ressources Naturelles_FP-Nador","FP-Nador","['Environnement', 'Gestion', 'Développement durable', 'Écologie']","['Gestionnaire de Ressources', 'Consultant Environnement']","['Licence Biologie']","['SP', 'SVT']","2","Mention Très Bien","Oujda","['Écologie', 'Gestion des Ressources', 'Développement Durable']","['Mathématiques', 'Biologie']"
"Master en Gestion des Ressources Naturelles_FP-Taza","FP-Taza","['Environnement', 'Gestion', 'Développement durable', 'Écologie']","['Gestionnaire de Ressources', 'Consultant Environnement']","['Licence Biologie']","['SP', 'SVT']","2","Mention Très Bien","Fès","['Écologie', 'Gestion des Ressources', 'Développement Durable']","['Mathématiques', 'Biologie']"
"Master en Gestion des Ressources Naturelles_FPT","FPT","['Gestion', 'Gestion Environnementale', 'Développement durable', 'Écologie']","['Gestionnaire de Ressources', 'Consultant Environnement']","['Licence Biologie']","['SP', 'SVT']","2","Mention Très Bien","Taroudant","['Écologie', 'Gestion des Ressources', 'Développement Durable']","['Chimie', 'Biologie']"
"Master en Génie Industriel_FST","FST","['Ingénierie', 'Génie Industriel', 'Production', 'Optimisation']","['Ingénieur Industriel', 'Consultant Production']","['Licence Génie Mécanique']","['SP', 'STM']","2","Mention Très Bien","Béni Mellal","['Gestion de Production', 'Optimisation', 'Logistique']","['Mathématiques', 'Physique']"
"Master en Génie Industriel_FSTM","FSTM","['Ingénierie', 'Génie Industriel', 'Production', 'Optimisation']","['Ingénieur Industriel', 'Consultant Production']","['Licence Génie Mécanique']","['SP', 'STM']","2","Mention Très Bien","Casablanca","['Gestion de Production', 'Optimisation', 'Logistique']","['Mathématiques', 'Physique']"
"Master en Génie des Procédés_FST-TNG","FST-TNG","['Ingénierie', 'Production', 'Génie des Procédés', 'Chimie industrielle']","['Ingénieur Procédés', 'Consultant Industriel']","['Licence Génie Chimique']","['SP', 'STM']","2","Bien","Tanger","['Optimisation', 'Procédés Industriels', 'Chimie Appliquée']","['Physique', 'Chimie']"
"Master en Génétique et Amélioration des Plantes_ENA","ENA","['Recherche', 'Biologie', 'Génétique']","['Généticien', 'Chercheur Agricole']","['Licence Agronomie']","['SP', 'SVT']","2","Bien","Marrakech","['Génétique', 'Biotechnologie', 'Amélioration Végétale']","['Chimie', 'Biologie']"
"Master en Géo-Environnement et Dynamique des Milieux Naturels_FLSH","FLSH","['Géographie', 'Environnement', 'Urbanisme']","['Spécialiste Environnement', 'Chercheur']","['Licence Géographie']","['SVT', 'LSH']","2","Bien","Béni Mellal","['Géo-Environnement', 'Climatologie', 'SIG']","['Géographie', 'Biologie']"
"Master en Informatique Décisionnelle_FSAC","FSAC","['Ingénierie', 'Technologie', 'Conception', 'Informatique', 'Programmation']","['Data Analyst', 'Consultant BI']","['Licence Informatique']","['SM', 'SP']","2","Mention Très Bien","Casablanca","['Programmation', 'Business Intelligence', 'Big Data']","['Informatique', 'Mathématiques']"
"Master en Informatique Décisionnelle_FST","FST","['Ingénierie', 'Technologie', 'Conception', 'Informatique', 'Programmation']","['Data Analyst', 'Consultant BI']","['Licence Informatique']","['SM', 'SP']","2","Mention Très Bien","Béni Mellal","['Programmation', 'Business Intelligence', 'Big Data']","['Informatique', 'Mathématiques']"
"Master en Informatique et Systèmes Intelligents_FS","FS","['Ingénierie', 'Technologie', 'Conception', 'Informatique', 'Programmation']","['Data Scientist', 'Ingénieur IA']","['Licence Informatique']","['SM', 'SP']","2","Mention Très Bien","Agadir","['Systèmes Informatiques', 'Big Data', 'Intelligence Artificielle']","['Informatique', 'Mathématiques']"
"Master en Ingénierie Pédagogique_FSE","FSE","['Ingénierie', 'Éducation', 'Enseignement', 'Pédagogie']","['Concepteur Pédagogique', 'Conseiller Éducatif']","['Licence Éducation']","['LSH']","2","Mention Très Bien","Rabat","['Évaluation', 'Ingénierie Pédagogique', 'Technologies Éducatives']","['Informatique', 'Psychologie']"
"Master en Linguistique Appliquée_FLSH","FLSH","['Langues', 'Linguistique', 'Communication']","['Linguiste', 'Enseignant Chercheur']","['Licence Études Françaises']","['LSH']","2","Bien","Béni Mellal","['Linguistique', 'Didactique', 'Traduction']","['Français', 'Philosophie']"
"Master en Linguistique_FLSH","FLSH","['Langues', 'Linguistique', 'Communication']","['Chercheur', 'Linguiste']","['Licence Études Françaises']","['LSH']","2","Mention Très Bien","Béni Mellal","['Linguistique Appliquée', 'Phonétique', 'Sémantique']","['Français', 'Philosophie']"
"Master en Linguistique_FLSH-BM","FLSH-BM","['Langues', 'Linguistique', 'Communication']","['Linguiste', 'Chercheur en Langues']","['Licence Études Arabes']","['LSH']","2","Bien","Casablanca","['Phonétique', 'Sémantique', 'Linguistique Théorique']","['Philosophie', 'Arabe']"
"Master en Littérature Comparée_FLSH-AC","FLSH-AC","['Littérature', 'Lettres', 'Langues']","['Enseignant Chercheur', 'Critique Littéraire']","['Licence Études Françaises']","['LSH']","2","Mention Très Bien","Casablanca","['Littérature Mondiale', 'Analyse Textuelle', 'Théorie Littéraire']","['Français', 'Histoire']"
"Master en Littérature et Civilisation_FLSH-DM","FLSH-DM","['Littérature', 'Lettres', 'Langues']","['Enseignant Chercheur', 'Critique Littéraire']","['Licence Études Arabes']","['LSH']","2","Mention Très Bien","Fès","['Analyse Textuelle', 'Littérature Comparée', 'Histoire des Civilisations']","['Arabe', 'Histoire']"
"Master en Logistique et Supply Chain_ENCG","ENCG","['Gestion', 'Logistique', 'Transport']","['Consultant Supply Chain', 'Logisticien']","['Licence Gestion']","['SM', 'SEG']","2","Bien","Agadir","['Optimisation', 'Logistique', 'Gestion des Stocks']","['Mathématiques', 'Économie']"
"Master en Management Stratégique_ECG-UIR","ECG-UIR","['Commerce', 'Marketing', 'Management', 'Gestion', 'Tourisme', 'Hôtellerie', 'Service', 'Gestion de projet', 'Organisation', 'Administration']","['Manager', 'Consultant Stratégique']","['Licence Gestion']","['SM', 'SEG']","2","Bien","Salé","['Management', 'Stratégie', 'Leadership']","['Mathématiques', 'Économie']"
"Master en Management des Organisations_FSJES","FSJES","['Commerce', 'Marketing', 'Management', 'Gestion', 'Tourisme', 'Hôtellerie', 'Service', 'Gestion de projet', 'Organisation', 'Administration']","['Manager', 'Consultant en Gestion']","['Licence Gestion']","['SM', 'SEG']","2","Bien","Béni Mellal","['Management', 'Finance', 'Stratégie']","['Mathématiques', 'Économie']"
"Master en Management et Gestion des Entreprises_FSJES","FSJES","['Commerce', 'Marketing', 'Management', 'Gestion', 'Tourisme', 'Hôtellerie', 'Service', 'Gestion de projet', 'Organisation', 'Administration']","['Manager', 'Consultant en Gestion']","['Licence Économie']","['SM', 'SEG']","2","Bien","Béni Mellal","['Management', 'Finance', 'Marketing']","['Mathématiques', 'Économie']"
"Master en Marketing International_ISCAE","ISCAE","['Commerce', 'Marketing', 'Communication']","['Directeur Marketing', 'Consultant Marketing']","['Licence Gestion']","['SM', 'SEG']","2","Bien","Casablanca","['Études de Marché', 'Stratégie', 'Marketing International']","['Économie', 'Statistiques']"
"Master en Médias et Société_ISIC","ISIC","['Communication', 'Médias', 'Journalisme']","['Analyste Médias', 'Producteur']","['Licence Communication']","['LSH']","2","Bien","Rabat","['Médias', 'Sociologie des Médias', 'Production Audiovisuelle']","['Philosophie', 'Histoire']"
"Master en Physique Appliquée_FSDM","FSDM","['Physique', 'Recherche', 'Sciences fondamentales']","['Chercheur en Physique', 'Ingénieur']","['Licence Physique']","['SM', 'SP']","2","Bien","Fès","['Énergie', 'Matériaux', 'Physique Appliquée']","['Mathématiques', 'Physique']"
"Master en Physique des Matériaux_FS","FS","['Physique', 'Recherche', 'Sciences fondamentales']","['Chercheur en Physique', 'Ingénieur Matériaux']","['Licence Physique']","['SM', 'SP']","2","Mention Très Bien","Agadir","['Thermodynamique', 'Physique des Matériaux', 'Nanotechnologie']","['Mathématiques', 'Physique']"
"Master en Physique des Matériaux_FSAC","FSAC","['Physique', 'Recherche', 'Sciences fondamentales']","['Chercheur en Physique', 'Ingénieur Matériaux']","['Licence Physique']","['SP', 'STE']","2","Bien","Casablanca","['Thermodynamique', 'Physique des Matériaux', 'Nanotechnologie']","['Mathématiques', 'Physique']"
"Master en Physique des Matériaux_FST","FST","['Physique', 'Recherche', 'Sciences fondamentales']","['Chercheur en Physique', 'Ingénieur Matériaux']","['Licence Physique']","['SP', 'STE']","2","Bien","Béni Mellal","['Thermodynamique', 'Physique des Matériaux', 'Nanotechnologie']","['Mathématiques', 'Physique']"
"Master en Politiques Publiques_FSJP-UIR","FSJP-UIR","['Droit', 'Sociologie', 'Sciences Politiques']","['Conseiller Politique', 'Analyste de Politiques']","['Licence Sciences Politiques']","['LSH']","2","Bien","Salé","['Analyse', 'Politiques Publiques', 'Administration']","['Histoire', 'Économie']"
"Master en Psychologie Sociale_SHSS-AUI","SHSS-AUI","['Sociologie', 'Sciences sociales', 'Psychologie', 'Santé mentale']","['Chercheur', 'Psychologue']","['Bachelor Psychologie']","['LSH']","2","Bien","Ifrane","['Méthodes de Recherche', 'Psychologie Sociale', 'Comportement']","['Psychologie', 'Sociologie']"
"Master en Réseaux et Télécommunications_FST","FST","['Informatique', 'Télécommunications', 'Réseaux']","['Ingénieur Réseaux', 'Administrateur Télécom']","['Licence Génie Électrique']","['SP', 'STE']","2","Bien","Béni Mellal","['Réseaux', 'Télécommunications', 'Protocoles']","['Informatique', 'Physique']"
"Master en Santé Publique_FMP","FMP","['Médecine', 'Santé Publique', 'Prévention']","['Épidémiologiste', 'Gestionnaire de Santé']","['Licence Médecine']","['SP', 'SVT']","2","Mention Très Bien","Agadir","['Statistiques', 'Épidémiologie', 'Santé Publique']","['Mathématiques', 'Biologie']"
"Master en Sciences des Données_FS","FS","['Informatique', 'Recherche', 'Data Science', 'Analyse de données']","['Analyste de Données', 'Data Scientist']","['Licence Informatique']","['SM', 'SP']","2","Mention Très Bien","Agadir","['Statistiques', 'Big Data', 'Machine Learning']","['Informatique', 'Mathématiques']"
"Master en Sociologie du Développement_FLSH-AC","FLSH-AC","['Recherche', 'Sociologie', 'Sciences sociales']","['Chercheur', 'Consultant en Développement']","['Licence Sociologie']","['LSH']","2","Bien","Casablanca","['Sociologie du Développement', 'Politiques Publiques', 'Recherche']","['Philosophie', 'Histoire']"
"Master en Sociologie_FLSH","FLSH","['Philosophie', 'Sociologie', 'Sciences Humaines']","['Chercheur', 'Sociologue']","['Licence Sociologie']","['LSH']","2","Mention Très Bien","Béni Mellal","['Sociologie', 'Anthropologie', 'Méthodes de Recherche']","['Philosophie', 'Histoire']"
"Master en Sociologie_FLSH-TET","FLSH-TET","['Philosophie', 'Sociologie', 'Sciences Humaines']","['Chercheur', 'Sociologue']","['Licence Sociologie']","['LSH']","2","Mention Très Bien","Tétouan","['Sociologie', 'Anthropologie', 'Méthodes de Recherche']","['Philosophie', 'Histoire']"
"Master en Systèmes Embarqués_FST","FST","['Programmation', 'Électronique', 'Systèmes Embarqués']","['Ingénieur Systèmes', 'Développeur Embarqué']","['Licence Génie Électrique']","['SP', 'STE']","2","Bien","Béni Mellal","['Programmation', 'Électronique', 'Systèmes Embarqués']","['Informatique', 'Électronique']"
"Master en Systèmes Intelligents_FSTM","FSTM","['Ingénierie', 'Technologie', 'Conception', 'Informatique', 'Programmation']","['Data Scientist', 'Ingénieur IA']","['Licence Informatique']","['SM', 'SP']","2","Bien","Casablanca","['Programmation', 'Réseaux', 'Intelligence Artificielle']","['Informatique', 'Mathématiques']"
"Master en Systèmes d'Information_FP-Khouribga","FP-Khouribga","['Ingénierie', 'Technologie', 'Conception', 'Informatique', 'Programmation']","['Analyste SI', 'Administrateur Bases de Données']","['Licence Informatique']","['SM', 'SP']","2","Bien","Settat","['[Systèmes dInformation, Bases de Données, Sécurité]']","['Informatique', 'Mathématiques']"
"Master en Tourisme et Patrimoine_FLSH","FLSH","['Management', 'Tourisme', 'Hôtellerie']","['Gestionnaire de Patrimoine', 'Agent Touristique']","['Licence Géographie']","['SVT', 'LSH']","2","Mention Très Bien","Béni Mellal","['Gestion', 'Tourisme', 'Patrimoine Culturel']","['Histoire', 'Géographie']"
"Master en Traduction et Interprétation_FLASH","FLASH","['Langues', 'Linguistique', 'Communication']","['Traducteur', 'Interprète']","['Licence Études Anglaises']","['LSH']","2","Mention Très Bien","Kénitra","['Linguistique Appliquée', 'Traduction', 'Interprétation']","['Français', 'Anglais']"
"Master en Économie Appliquée_FSJES","FSJES","['Commerce', 'Marketing', 'Management', 'Économie', 'Sciences économiques', 'Finance', 'Gestion']","['Économiste', 'Consultant Économique']","['Licence Sciences Économiques']","['SM', 'SEG']","2","Bien","Béni Mellal","['Économie Appliquée', 'Économétrie', 'Politiques Économiques']","['Mathématiques', 'Économie']"
"Master en Économie Appliquée_FSJES-M","FSJES-M","['Commerce', 'Marketing', 'Management', 'Économie', 'Sciences économiques', 'Finance', 'Gestion']","['Économiste', 'Consultant Économique']","['Licence Sciences Économiques']","['SM', 'SEG']","2","Bien","Casablanca","['Économie Appliquée', 'Économétrie', 'Politiques Économiques']","['Mathématiques', 'Économie']"
"Master en Énergies Renouvelables_FSS","FSS","['Physique', 'Environnement', 'Énergie']","['Ingénieur Énergie', 'Consultant en Durabilité']","['Licence Physique']","['SM', 'SP']","2","Bien","Marrakech","['Thermodynamique', 'Électrotechnique', 'Énergies Renouvelables']","['Mathématiques', 'Physique']"
"Master en Énergies Renouvelables_FST","FST","['Technologie', 'Environnement', 'Énergies Renouvelables']","['Consultant', 'Ingénieur Énergies']","['Licence Génie Électrique']","['SP', 'STE']","2","Mention Très Bien","Béni Mellal","['Énergies Solaires', 'Éoliennes', 'Gestion Énergétique']","['Physique', 'Électronique']"
"Master en Énergies Renouvelables_SSE-AUI","SSE-AUI","['Technologie', 'Environnement', 'Énergies Renouvelables']","['Consultant', 'Ingénieur Énergies']","['Bachelor Génie Électrique']","['SP', 'STE']","2","Bien","Ifrane","['Énergies Solaires', 'Éoliennes', 'Gestion Énergétique']","['Physique', 'Électronique']"
"Master en Études Coraniques et Applications Cognitives_FLSH","FLSH","['Études Religieuses', 'Théologie', 'Philosophie']","['Chercheur en Études Islamiques', 'Enseignant']","['Licence Études Islamiques']","['LSH']","2","Mention Très Bien","Béni Mellal","['Exégèse Coranique', 'Sciences Cognitives', 'Histoire Islamique']","['Philosophie', 'Arabe']"
"Master en Études Culturelles_FLSH","FLSH","['Philosophie', 'Sociologie', 'Sciences Humaines']","['Chercheur en Culture', 'Médiateur Culturel']","['Licence Études Françaises']","['LSH']","2","Mention Très Bien","Béni Mellal","['Sociologie', 'Anthropologie', 'Histoire Culturelle']","['Philosophie', 'Histoire']"
"Master en Études Urbaines_FLSH-BM","FLSH-BM","['Géographie', 'Environnement', 'Urbanisme']","['Urbaniste', 'Planificateur Territorial']","['Licence Géographie']","['SVT', 'LSH']","2","Mention Très Bien","Casablanca","['SIG', 'Développement Durable', 'Urbanisme']","['Mathématiques', 'Géographie']"
"Médecin Généraliste_FMP","FMP","['Biologie', 'Médecine', 'Santé', 'Sciences de la santé']","['Médecin', 'Praticien Hospitalier']","['BAC SM', 'BAC SP']","['SP', 'SVT']","7","Mention Très Bien","Agadir","['Anatomie', 'Physiologie', 'Pathologie']","['Chimie', 'Biologie']"
"Pharmacien_FMP","FMP","['Chimie', 'Biologie', 'Médecine', 'Santé', 'Sciences de la santé', 'Pharmacie']","['Pharmacien', 'Responsable de Pharmacie']","['BAC SM', 'BAC SP']","['SP', 'SVT']","6","Bien","Agadir","['Pharmacologie', 'Chimie Médicale', 'Gestion des Médicaments']","['Chimie', 'Biologie']"
"Préparation MP_CPGE-Casa","CPGE-Casa","['Mathématiques', 'Physique', 'Sciences fondamentales']","['Étudiant Grandes Écoles', 'Ingénieur']","['BAC SM']","['SM']","2","Mention Très Bien","Casablanca","['Mathématiques', 'Physique', 'Chimie']","['Mathématiques', 'Physique']"
"Préparation MP_CPGE-Fès","CPGE-Fès","['Mathématiques', 'Physique', 'Sciences fondamentales']","['Étudiant Grandes Écoles', 'Ingénieur']","['BAC SM']","['SM']","2","Mention Très Bien","Fès","['Mathématiques', 'Physique', 'Chimie']","['Mathématiques', 'Physique']"
"Préparation MP_CPGE-Marrakech","CPGE-Marrakech","['Mathématiques', 'Physique', 'Sciences fondamentales']","['Étudiant Grandes Écoles', 'Ingénieur']","['BAC SM']","['SM']","2","Mention Très Bien","Marrakech","['Mathématiques', 'Physique', 'Chimie']","['Mathématiques', 'Physique']"
"Préparation PSI_CPGE-Casa","CPGE-Casa","['Ingénierie', 'Technologie', 'Physique']","['Étudiant Grandes Écoles', 'Ingénieur']","['BAC SP']","['SP']","2","Mention Très Bien","Casablanca","['[Physique, Sciences de lIngénieur, Mathématiques]']","['Mathématiques', 'Physique']"
"Préparation PSI_CPGE-Fès","CPGE-Fès","['Ingénierie', 'Technologie', 'Physique']","['Étudiant Grandes Écoles', 'Ingénieur']","['BAC SP']","['SP']","2","Mention Très Bien","Fès","['[Physique, Sciences de lIngénieur, Mathématiques]']","['Mathématiques', 'Physique']"
"Préparation PSI_CPGE-Marrakech","CPGE-Marrakech","['Ingénierie', 'Technologie', 'Physique']","['Étudiant Grandes Écoles', 'Ingénieur']","['BAC SP']","['SP']","2","Mention Très Bien","Marrakech","['[Physique, Sciences de lIngénieur, Mathématiques]']","['Mathématiques', 'Physique']"
"Technicien Spécialisé en Gestion des Entreprises_EST","EST","['Commerce', 'Marketing', 'Management', 'Gestion', 'Tourisme', 'Hôtellerie', 'Service', 'Gestion de projet', 'Organisation', 'Administration']","['Assistant de Gestion', 'Comptable Junior']","['BAC SM', 'BAC SP']","['SM', 'SEG']","2","Assez Bien","Béni Mellal","['Gestion', 'Comptabilité', 'Informatique de Gestion']","['Mathématiques', 'Économie']"
"Technicien Spécialisé en Génie Civil_EST","EST","['Ingénierie', 'Urbanisme', 'Génie Civil', 'Construction']","['Technicien Génie Civil', 'Chef de Chantier']","['BAC SM', 'BAC SP']","['SP', 'STM']","2","Assez Bien","Béni Mellal","['Matériaux', 'Construction', 'Topographie']","['Mathématiques', 'Physique']"
"Technicien Spécialisé en Informatique_EST","EST","['Ingénierie', 'Technologie', 'Conception', 'Informatique', 'Programmation']","['Technicien Informatique', 'Développeur Junior']","['BAC SM', 'BAC SP']","['SM', 'SP']","2","Bien","Béni Mellal","['Programmation', 'Réseaux', 'Maintenance']","['Informatique', 'Mathématiques']"
"Technicien Spécialisé en Informatique_EST-TNG","EST-TNG","['Ingénierie', 'Technologie', 'Conception', 'Informatique', 'Programmation']","['Technicien Informatique', 'Développeur Junior']","['BAC SM', 'BAC SP']","['SM', 'SP']","2","Bien","Tanger","['Programmation', 'Réseaux', 'Maintenance']","['Informatique', 'Mathématiques']"
"Technicien Spécialisé en Électrotechnique_EST","EST","['Génie Électrique', 'Énergie', 'Électrotechnique']","['Technicien Électrique', 'Maintenance Électrique']","['BAC SM', 'BAC SP']","['SP', 'STE']","2","Mention Très Bien","Béni Mellal","['Réseaux', 'Électricité', 'Automatisme']","['Physique', 'Électronique']"
"Technicien Spécialisé en Électrotechnique_EST-TNG","EST-TNG","['Génie Électrique', 'Énergie', 'Électrotechnique']","['Technicien Électrique', 'Maintenance Électrique']","['BAC SM', 'BAC SP']","['SP', 'STE']","2","Mention Très Bien","Tanger","['Réseaux', 'Électricité', 'Automatisme']","['Physique', 'Électronique']"
